,phi0,p,m,P[N],xc,yc,small_delta_v,safety_ratio
0,20.0,0.6427876096865393,0.8912563779785665,0.20236740855615148,2.4584775258796725,0.5810045363644937,0.5273963764415756,5.295788665482136
1,20.2,0.6441236297613865,0.8886930876770569,0.2042608182663792,2.456851819616467,0.5866492059173053,0.5323308539220061,5.243633711400533
2,20.4,0.6454576877239504,0.8861521473419738,0.2061536590651397,2.455210380183212,0.5922893181653649,0.537263848743502,5.192488750847735
3,20.6,0.6467897795104595,0.8836332288937893,0.20804598393339,2.453553218669343,0.5979248354499161,0.5421954989814828,5.142324383883972
4,20.8,0.6481199010631309,0.881136011888369,0.209937845722402,2.451880346234598,0.6035557201276452,0.5471259423733906,5.0931123409790455
5,21.0,0.6494480483301837,0.8786601832689679,0.21182929715826182,2.4501917741090184,0.6091819345711287,0.5520553163304174,5.044825429184882
6,21.2,0.6507742172658508,0.8762054371286145,0.21372039084635458,2.4484875135926667,0.6148034411695311,0.5569837579491917,4.997437481354824
7,21.4,0.6520984038303922,0.873771474482348,0.2156111792757983,2.4467675760557124,0.6204202023290699,0.5619114040233351,4.950923308210559
8,21.6,0.6534206039901054,0.8713580030488158,0.21750171482386738,2.445031972938247,0.6260321804736125,0.5668383910549892,4.905258653071926
9,21.8,0.6547408137173397,0.8689647370407519,0.21939204976039534,2.443280715750148,0.6316393380452434,0.5717648552662911,4.860420149078468
10,22.0,0.6560590289905072,0.8665913969639082,0.22128223625214288,2.441513816070997,0.6372416375047675,0.5766909326107555,4.816385278744529
11,22.2,0.6573752457940958,0.864237709424008,0.22317232636713763,2.4397312855500184,0.6428390413323385,0.5816167587845867,4.773132335700454
12,22.4,0.6586894601186803,0.8619034069413468,0.22506237207901375,2.437933135905848,0.6484315120279162,0.5865424692379864,4.730640388483305
13,22.6,0.6600016679609367,0.8595882277726531,0.22695242527131052,2.4361193789264477,0.654019012111895,0.5914681991863567,4.6888892462501675
14,22.8,0.6613118653236518,0.857291915739878,0.2288425377417499,2.434290026468995,0.6596015041255735,0.5963940836214493,4.647859426296153
15,23.0,0.6626200482157374,0.8550142200655729,0.23073276120651284,2.432445090459674,0.6651789506317305,0.6013202573225085,4.6075321232667585
16,23.2,0.6639262126522415,0.8527548952145516,0.23262314730446979,2.430584582893612,0.6707513142151602,0.6062468548672972,4.567889179962999
17,23.4,0.6652303546543608,0.8505137007415415,0.2345137476014135,2.4287085158346686,0.6763185574831727,0.6111740106431288,4.528913059643508
18,23.6,0.6665324702494524,0.8482904011445483,0.2364046135942661,2.426816901415263,0.681880643066206,0.6161018588578295,4.490586819734976
19,23.8,0.6678325554710466,0.8460847657236698,0.23829579671526674,2.4249097518362728,0.6874375336182158,0.6210305335506542,4.452894086868202
20,24.0,0.6691306063588581,0.8438965684451146,0.24018734833615182,2.422987079366773,0.6929891918173682,0.6259601686031788,4.415819033162123
21,24.2,0.6704266189587991,0.8417255878101892,0.2420793197723047,2.42104889634396,0.6985355803663962,0.6308908977501162,4.3793463536840935
22,24.4,0.6717205893229902,0.8395716067290319,0.24397176228690634,2.4190952151729053,0.704076661993263,0.6358228545901325,4.343461245018338
23,24.6,0.6730125135097733,0.8374344123988826,0.2458647270950683,2.417126048326344,0.709612399451557,0.6407561725966189,4.308149384880064
24,24.8,0.6743023875837233,0.8353137961866913,0.2477582653679384,2.41514140834457,0.7151427555211075,0.645690985128391,4.273396912715853
25,25.0,0.6755902076156601,0.8332095535158737,0.2496524282368169,2.413141307835141,0.7206676930084184,0.6506274254404163,4.239190411235221
26,25.2,0.6768759696826606,0.8311214837570359,0.2515472667972332,2.4111257594727986,0.726187174747222,0.6555656266944391,4.205516888821658
27,25.4,0.6781596698680705,0.8290493901224986,0.2534428321130482,2.4090947759990873,0.731701163598969,0.660505721969671,4.17236376277449
28,25.6,0.6794413042615165,0.8269930795644588,0.25533917522050553,2.4070483702222765,0.7372096224533683,0.6654478442733494,4.139718843336419
29,25.8,0.6807208689589177,0.824952362676634,0.2572363471323018,2.4049865550171012,0.742712514228824,0.6703921265513451,4.107570318463831
30,26.0,0.6819983600624985,0.8229270535992452,0.25913439884163936,2.40290934332449,0.7482098018730049,0.6753387016987241,4.075906739300022
31,26.2,0.6832737736807991,0.8209169699272005,0.2610333813262605,2.400816748151433,0.7537014483632499,0.6802877025702618,4.044717006313822
32,26.4,0.6845471059286886,0.8189219326213447,0.26293334555249875,2.398708782570602,0.759187416707198,0.6852392619910004,4.013990356068064
33,26.6,0.6858183529273761,0.8169417659226511,0.26483434247928955,2.3965854597202645,0.76466766994314,0.690193512766702,3.9837163485852227
34,26.8,0.687087510804423,0.8149762972692373,0.2667364230622082,2.3944467928039144,0.7701421711405919,0.6951505876943717,3.95388485527849
35,27.0,0.6883545756937539,0.8130253572160901,0.2686396382574797,2.3922927950900585,0.7756108834007857,0.7001106195727076,3.924486047419369
36,27.2,0.6896195437356697,0.8110887793573897,0.27054403902599067,2.390123479911985,0.7810737698571275,0.7050737412125567,3.8955103851139987
37,27.4,0.6908824110768583,0.8091664002513334,0.27244967633730505,2.3879388606674277,0.7865307936756468,0.7100400854473805,3.866948606762245
38,27.6,0.6921431738704068,0.8072580593473581,0.2743566011736541,2.38573895081839,0.7919819180555734,0.715009785143653,3.8387917189750866
39,27.8,0.6934018282758129,0.8053635989156688,0.2762648645339535,2.3835237638907754,0.7974271062297503,0.7199829732113296,3.8110309869271437
40,28.0,0.6946583704589973,0.8034828639789816,0.2781745174377973,2.3812933134741554,0.8028663214650947,0.7249597826142573,3.783657925122716
41,28.2,0.6959127965923143,0.8016157022464018,0.28008561092945194,2.379047613221468,0.8082995270631216,0.7299403463805818,3.7566642885547563
42,28.4,0.6971651028545645,0.799761964049346,0.28199819608185916,2.3767866768487345,0.8137266863604024,0.7349247976131806,3.7300420642372663
43,28.6,0.6984152854310058,0.7979215022794398,0.28391232400063493,2.3745105181347355,0.8191477627290219,0.7399132695000845,3.70378346309306
44,28.8,0.6996633405133653,0.7960941723283126,0.2858280458280573,2.3722191509207478,0.824562719577055,0.7449058953248712,3.6778809121795653
45,29.0,0.7009092642998509,0.7942798320292159,0.2877454127470816,2.36991258911017,0.8299715203490519,0.749902808477128,3.6523270472360956
46,29.2,0.7021530529951624,0.7924783416004045,0.28966447598532474,2.367590846668285,0.8353741285264736,0.7549041424628368,3.6271147055376405
47,29.4,0.7033947028105038,0.7906895635902075,0.29158528681908785,2.365253937621831,0.8407705076281384,0.7599100309148563,3.6022369190401053
48,29.6,0.7046342099635946,0.7889133628237321,0.29350789657734633,2.3629018760587854,0.8461606212107555,0.7649206076033224,3.5776869078035327
49,29.8,0.705871570678681,0.7871496063511423,0.29543235664576356,2.360534676127996,0.8515444328693427,0.7699360064461066,3.553458073680162
50,30.0,0.7071067811865476,0.7853981633974481,0.29735871847072654,2.3581523520387493,0.8569219062376261,0.7749563615193344,3.5295439942548272
51,30.2,0.7083398377245288,0.7836589053137608,0.29928703356334,2.355754918060556,0.8622930049885776,0.7799818070677946,3.505938417026302
52,30.4,0.7095707365365209,0.7819317055299527,0.301217353503466,2.3533423885227585,0.8676576928348774,0.7850124775154665,3.4826352538181027
53,30.6,0.7107994738729924,0.7802164395086802,0.30314972994376505,2.3509147778140975,0.8730159335292701,0.7900485074760518,3.459628575408637
54,30.8,0.7120260459909965,0.7785129847007147,0.30508421461372043,2.3484721003824824,0.878367690865101,0.7950900317634627,3.4369126063704503
55,31.0,0.7132504491541815,0.7768212205015416,0.307020859323706,2.346014370734483,0.883712928676707,0.8001371854024231,3.4144817201092463
56,31.2,0.7144726796328034,0.7751410282091782,0.3089597159690333,2.3435416034350385,0.8890516108399396,0.8051901036390152,3.392330434093675
57,31.4,0.7156927337037358,0.7734722909831744,0.3109008365340165,2.3410538131070897,0.8943837012725081,0.8102489219512748,3.3704534052675093
58,31.6,0.7169106076504828,0.7718148938047484,0.31284427309606644,2.338551014431084,0.8997091639344629,0.8153137760598592,3.348845425635871
59,31.8,0.7181262977631887,0.7701687234380277,0.31479007782975144,2.3360332221447617,0.9050279628287049,0.8203848019386315,3.3275014180181177
60,32.0,0.7193398003386512,0.7685336683923466,0.31673830301093125,2.3335004510425423,0.9103400620013039,0.8254621358254335,3.306416431959905
61,32.2,0.7205511116803303,0.7669096188855793,0.31868900102084086,2.33095271597529,0.9156454255420085,0.8305459142327293,3.2855856397976604
62,32.4,0.7217602280983622,0.7652964668084568,0.3206422243502342,2.3283900318498096,0.920944017584693,0.835636273958403,3.2650043328686587
63,32.6,0.7229671459095681,0.7636941056898524,0.32259802560350764,2.325812413628492,0.9262358023077125,0.8407333520965068,3.244667917860816
64,32.8,0.7241718614374675,0.76210243066299,0.3245564575028731,2.323219876328778,0.931520743934397,0.8458372860481359,3.2245719132957515
65,33.0,0.7253743710122875,0.760521338432553,0.3265175728925022,2.320612435022903,0.9367988067335113,0.8509482135322285,3.204711946139878
66,33.2,0.7265746709709759,0.7589507272426602,0.32848142474273084,2.3179901048372864,0.9420699550195913,0.8560662725965232,3.185083748537977
67,33.4,0.7277727576572104,0.7573904968456858,0.33044806615424976,2.315352900952173,0.9473341531534334,0.8611916016284816,3.165683154664032
68,33.6,0.7289686274214116,0.7558405484718878,0.3324175503623201,2.3127008386012173,0.9525913655424982,0.8663243393662728,3.146506097684555
69,33.8,0.7301622766207523,0.7543007847998295,0.3343899307410178,2.310033933070926,0.9578415566413363,0.8714646249098366,3.1275486068297322
70,34.0,0.7313537016191705,0.7527711099275595,0.3363652608074842,2.30735219970026,0.963084690952025,0.8766125977319594,3.1088068045678536
71,34.2,0.7325428987873787,0.7512514293445323,0.3383435942261852,2.3046556538802174,0.9683207330245576,0.8817683976893754,3.0902769038790154
72,34.4,0.7337298645028764,0.7497416499042433,0.34032498481323586,2.301944311053217,0.9735496474572594,0.8869321650340365,3.071955205623682
73,34.6,0.7349145951499598,0.7482416797975586,0.3423094865406864,2.299218186712724,0.9787713988972886,0.8921040404242826,3.053838096002716
74,34.8,0.7360970871197343,0.7467514285267126,0.3442971535408734,2.296477296402739,0.9839859520408865,0.8972841649361813,3.0359220441048826
75,35.0,0.737277336810124,0.7452708068799612,0.34628804011076714,2.2937216557173166,0.9891932716339465,0.9024726800748568,3.0182035995384178
76,35.2,0.7384553406258838,0.7437997269068606,0.34828220071637284,2.290951280299991,0.9943933224723561,0.907669727785962,3.00067939014328
77,35.4,0.7396310949786096,0.7423381018941632,0.3502796899971088,2.288166185843384,0.999586069402394,0.912875450467086,2.983346119781121
78,35.6,0.74080459628675,0.7408858463423016,0.35228056277026326,2.2853663880885686,1.0047714773212044,0.9180899909793713,2.9662005661994666
79,35.8,0.7419758409756163,0.7394428759424518,0.35428487403543596,2.2825519028246286,1.0099495111770906,0.9233134926590887,2.9492395789677164
80,36.0,0.7431448254773941,0.7380091075541512,0.35629267897902606,2.279722745888077,1.015120135970035,0.9285460993293325,2.9324600774817684
81,36.2,0.744311546231154,0.7365844591834596,0.3583040329787342,2.2768789331623687,1.0202833167520482,0.9337879553117547,2.9158590490348733
82,36.4,0.7454759996828622,0.7351688499616459,0.3603189916081035,2.2740204805773394,1.0254390186275506,0.9390392054383985,2.8994335469520274
83,36.6,0.7466381822853914,0.7337622001243833,0.3623376106410871,2.2711474041086386,1.0305872067538282,0.9442999950636021,2.8831806887854916
84,36.8,0.7477980904985317,0.7323644309914402,0.3643599460566538,2.26825971977713,1.0357278463413806,0.9495704700760021,2.8670976545691627
85,37.0,0.7489557207890021,0.730975464946851,0.36638605404338653,2.26535744364845,1.040860902654349,0.9548507769105173,2.8511816851296157
86,37.2,0.7501110696304595,0.7295952254195545,0.3684159910041627,2.2624405918323323,1.045986341010893,0.9601410625605465,2.8354300804514825
87,37.4,0.7512641335035111,0.7282236368644844,0.3704498135608409,2.259509180482037,1.0511041267835957,0.965441474590182,2.8198401980953287
88,37.6,0.7524149088957244,0.7268606247441005,0.37248757855896825,2.2565632257938266,1.0562142253998426,0.9707521611464792,2.804409451666065
89,37.8,0.7535633923016378,0.725506115510347,0.37452934307255836,2.2536027440062587,1.0613166023422589,0.9760732709719067,2.7891353093298243
90,38.0,0.7547095802227719,0.7241600365870264,0.3765751644088584,2.250627751399731,1.0664112231489897,0.9814049534167709,2.774015292377837
91,38.2,0.7558534691676395,0.7228223163525773,0.3786251001131944,2.2476382642957273,1.0714980534142515,0.9867473584518436,2.7590469738352152
92,38.4,0.7569950556517563,0.7214928841232453,0.38067920797381266,2.2446342990563473,1.076577058788578,0.9921006366809793,2.7442279771133813
93,38.6,0.7581343361976522,0.7201716701366333,0.38273754602681226,2.241615872083488,1.0816482049792508,0.9974649393539691,2.7295559747042124
94,38.8,0.7592713073348807,0.7188586055356257,0.38480017256104154,2.2385829998184255,1.086711457750715,1.0028404183793032,2.7150286869147084
95,39.0,0.7604059656000309,0.7175536223526696,0.3868671461231206,2.235535698740987,1.0917667829249105,1.008227226337258,2.700643880640383
96,39.2,0.7615383075367367,0.716256653494411,0.3889385255224168,2.2324739853690345,1.0968141463816687,1.013625516492866,2.6863993681764686
97,39.4,0.7626683296956883,0.7149676327266681,0.3910143698361267,2.229397876257753,1.1018535140591441,1.0190354428091566,2.6722930060650154
98,39.6,0.7637960286346421,0.7136864946597389,0.39309473841437237,2.2263073879989816,1.1068848519541286,1.02445715996044,2.65832269397711
99,39.8,0.7649214009184317,0.7124131747340314,0.3951796908853483,2.2232025372205424,1.1119081261224177,1.0298908233457205,2.6444863736287068
100,40.0,0.7660444431189779,0.7111476092060075,0.39726928716049714,2.2200833405855898,1.1169233026792487,1.0353365891021837,2.630782027728996
101,40.2,0.7671651518152995,0.7098897351344328,0.3993635874397578,2.216949814791856,1.1219303477996432,1.0407946141188757,2.6172076789601095
102,40.4,0.7682835235935233,0.7086394903669252,0.4014626522168392,2.2138019765710015,1.1269292277187515,1.0462650560504465,2.6037613889871474
103,40.6,0.7693995550468951,0.7073968135267911,0.40356654228452954,2.2106398426879528,1.131919908732286,1.0517480733309859,2.590441257497477
104,40.8,0.7705132427757891,0.7061616440001461,0.4056753187401095,2.207463429940031,1.1369023571968164,1.057243825188131,2.577245421268171
105,41.0,0.7716245833877199,0.7049339219233086,0.4077890429907323,2.2042727551564036,1.1418765395302066,1.06275247165709,2.5641720532608723
106,41.2,0.7727335734973511,0.7037135881704625,0.4099077767589216,2.2010678351972595,1.1468424222119513,1.068274173594966,2.551219361742879
107,41.4,0.7738402097265062,0.7025005843415799,0.4120315820880905,2.197848686953085,1.1517999717835175,1.0738090926951438,2.5383855894337652
108,41.6,0.7749444887041795,0.7012948527505969,0.4141605213481242,2.1946153273438886,1.1567491548487492,1.0793573915018386,2.5256690126765533
109,41.8,0.7760464070665459,0.7000963364138381,0.416294657241011,2.1913677733184564,1.1616899380742194,1.084919233424769,2.5130679406326784
110,42.0,0.7771459614569708,0.6989049790386818,0.41843405280651597,2.188106041853624,1.1666222881895845,1.0904947827539457,2.500580714499993
111,42.2,0.778243148526021,0.697720725012459,0.42057877142793487,2.184830149953437,1.1715461719879372,1.096084204674666,2.4882057067529315
112,42.4,0.7793379649314741,0.6965435193915842,0.4227288768378944,2.1815401146483793,1.1764615563261869,1.1016876652826297,2.4759413204041496
113,42.6,0.7804304073383297,0.6953733078909052,0.42488443312420315,2.178235952994596,1.1813684081253992,1.107305331599188,2.46378598828701
114,42.8,0.7815204724188187,0.6942100368732742,0.42704550473577163,2.1749176820730627,1.1862666943711475,1.1129373715867719,2.451738172358138
115,43.0,0.7826081568524138,0.6930536533393296,0.42921215648859357,2.1715853189887606,1.1911563821139057,1.11858395416448,2.439796363019396
116,43.2,0.7836934573258397,0.6919041049174836,0.4313844535717772,2.1682388808698945,1.1960374384693604,1.1242452492237964,2.4279590784587377
117,43.4,0.7847763705330829,0.6907613398541141,0.4335624615536477,2.164878384867037,1.2009098306187675,1.129921427644496,2.416224864009246
118,43.6,0.7858568931754019,0.6896253070039513,0.43574624638793646,2.1615038481522144,1.2057735258093296,1.135612661310773,2.4045922915257267
119,43.8,0.7869350219613371,0.688495955820657,0.43793587441999254,2.158115287918135,1.2106284913545227,1.141319123127429,2.3930599587784807
120,44.0,0.7880107536067219,0.6873732363475902,0.4401314123930811,2.154712721377318,1.2154746946344641,1.147040987036288,2.3816264888635477
121,44.2,0.7890840848346907,0.6862570992087582,0.4423329274547759,2.1512961657611305,1.2203121030962336,1.1527784280328566,2.3702905296289027
122,44.4,0.7901550123756903,0.6851474955999433,0.44454048716337613,2.1478656383190002,1.2251406842542352,1.1585316221830455,2.3590507531162053
123,44.6,0.79122353296749,0.6840443772800033,0.44675415949443664,2.1444211563174287,1.2299604056905378,1.16430074664019,2.3479058550174994
124,44.8,0.7922896433551907,0.682947696562345,0.4489740128473253,2.140962737039175,1.2347712350552413,1.1700859796621386,2.3368545541465306
125,45.0,0.7933533402912352,0.6818574063065597,0.45120011605192195,2.137490397782203,1.239573140066759,1.1758875006287102,2.3258955919240134
126,45.2,0.7944146205354181,0.6807734599102235,0.4534325383752972,2.134004155858936,1.2443660885122418,1.1817054900591015,2.315027731876716
127,45.4,0.7954734808548958,0.6796958113008541,0.455671349528585,2.130504028595091,1.249150048247841,1.1875401296297978,2.3042497591495814
128,45.6,0.7965299180241963,0.6786244149280218,0.4579166196738176,2.1269900333289113,1.2539249871991238,1.1933916021923845,2.2935604800308598
129,45.8,0.7975839288252284,0.6775592257556131,0.46016841943094694,2.1234621874100483,1.2586908733612967,1.1992600917918474,2.2829587214894875
130,46.0,0.7986355100472928,0.6765001992542383,0.46242681988484613,2.1199205081987245,1.2634476747996684,1.2051457836848183,2.2724433307246867
131,46.2,0.7996846584870905,0.6754472913937867,0.4646918925924786,2.1163650130646543,1.2681953596499136,1.2110488643582589,2.262013174727099
132,46.4,0.8007313709487335,0.6744004586361184,0.46696370959011385,2.1127957193860394,1.2729338961184118,1.2169695215482665,2.251667139851343
133,46.6,0.801775644243754,0.673359657927897,0.46924234340062854,2.109212644548597,1.277663252482598,1.2229079442591018,2.241404131399522
134,46.8,0.8028174751911145,0.6723248466935531,0.4715278670409165,2.1056158059444683,1.2823833970912695,1.228864322782499,2.2312230732154053
135,47.0,0.8038568606172173,0.6712959828283812,0.47382035402933936,2.102005220971303,1.287094298364949,1.234838848717085,2.221122907289009
136,47.2,0.8048937973559142,0.6702730246917636,0.47611987839336567,2.098380907031024,1.2917959247961852,1.2408317149882864,2.2111025933710304
137,47.4,0.8059282822485156,0.6692559311005197,0.47842651467719516,2.0947428815288944,1.2964882449498605,1.2468431158682003,2.2011611085972844
138,47.6,0.8069603121438019,0.6682446613223771,0.48074033794952936,2.091091161872448,1.3011712274636178,1.252873246995845,2.191297447122393
139,47.8,0.8079898838980304,0.667239175069564,0.4830614238114663,2.0874257654703063,1.305844841048047,1.258922305397735,2.181510619762716
140,48.0,0.8090169943749475,0.6662394324925152,0.4853898484044396,2.083746709731146,1.3105090544871112,1.2649904895085715,2.171799653648211
141,48.2,0.810041640445796,0.665245394173697,0.4877256884183178,2.0800540120624817,1.3151638366384,1.2710779991923493,2.162163591882882
142,48.4,0.8110638189893267,0.6642570211215395,0.49006902109951533,2.076347689869727,1.319809156433529,1.2771850357634964,2.1526014932137505
143,48.6,0.8120835268918062,0.6632742747644814,0.4924199242593377,2.072627760554811,1.324444982878377,1.283311802008622,2.143112431707803
144,48.8,0.8131007610470276,0.6622971169451193,0.49477847628231275,2.0688942415152103,1.329071285053461,1.2894585022082288,2.133695496437022
145,49.0,0.8141155183563191,0.6613255099144639,0.49714475613470627,2.0651471501426464,1.3336880321142475,1.2956253421589057,2.1243497911710403
146,49.2,0.8151277957285542,0.6603594163262966,0.49951884337312785,2.0613865038219554,1.3382951932914375,1.3018125291957567,2.1150744340772465
147,49.4,0.8161375900801602,0.6593987992316275,0.5019008181532421,2.0576123199298637,1.3428927378913107,1.308020272215102,2.1058685574282205
148,49.6,0.8171448983351285,0.6584436220732505,0.5042907612385883,2.0538246158338103,1.3474806352960333,1.3142487816974648,2.096731307316225
149,49.8,0.8181497174250234,0.6574938486803945,0.5066887540095658,2.050023408890623,1.3520588549639596,1.3204982697309875,2.0876618433744656
150,50.0,0.8191520442889918,0.6565494432634689,0.5090948784724808,2.046208716445343,1.3566273664299788,1.3267689500350082,2.078659338505116
151,50.2,0.820151875873772,0.6556103704088999,0.5115092172687367,2.042380555829966,1.3611861393057956,1.3330610379840138,2.0697229786138247
152,50.4,0.8211492091337039,0.6546765950740567,0.5139318536841858,2.03853894436208,1.3657351432801996,1.3393747506320106,2.060851962350438
153,50.6,0.8221440410307375,0.6537480825822674,0.5163628716585604,2.0346838993436034,1.3702743481194828,1.3457103067371023,2.0520455008559053
154,50.8,0.8231363685344418,0.6528247986179183,0.5188023557950135,2.030815438059587,1.3748037236676696,1.3520679267863558,2.043302817515235
155,51.0,0.8241261886220156,0.6519067092216397,0.5212503913699176,2.0269335777766306,1.3793232398467838,1.3584478330213374,2.0346231477160037
156,51.2,0.8251134982782952,0.6509937807855725,0.5237070643426198,2.0230383357417927,1.3838328666572934,1.3648502494635364,2.0260057386127635
157,51.4,0.8260982944957638,0.6500859800487171,0.5261724613654905,2.019129729181046,1.3883325741782386,1.3712754019405522,2.017449848896766
158,51.6,0.8270805742745618,0.6491832740923597,0.5286466697940009,2.0152077752980175,1.3928223325677107,1.3777235181123593,2.008954748571088
159,51.8,0.8280603346224944,0.6482856303355786,0.5311297776970307,2.0112724912724933,1.3973021120629965,1.3841948274981688,2.000519718730909
160,52.0,0.8290375725550417,0.647393016530823,0.5336218738672651,2.0073238942590272,1.4017718829809853,1.3906895615035255,1.9921440513488582
161,52.2,0.8300122850953674,0.6465054007595696,0.5361230478317561,2.003362001385533,1.4062316157184334,1.3972079534478319,1.9838270490652663
162,52.4,0.8309844692743282,0.6456227514280491,0.5386333898626375,1.9993868297518176,1.4106812807522424,1.4037502385922724,1.9755680249832241
163,52.6,0.8319541221304825,0.6447450372630462,0.5411529909880016,1.9953983964280835,1.415120848639789,1.4103166541681602,1.967366302468247
164,52.8,0.8329212407100994,0.6438722273077678,0.5436819430029427,1.9913967184533994,1.4195502900191914,1.416907439405717,1.9592212149524777
165,53.0,0.8338858220671681,0.6430042909177811,0.5462203384806896,1.9873818128343452,1.42396957560965,1.4235228355630876,1.9511321057433912
166,53.2,0.8348478632634065,0.6421411977570178,0.54876827078403,1.9833536965432834,1.4283786762116832,1.4301630859561114,1.94309832783662
167,53.4,0.8358073613682702,0.6412829177938445,0.5513258340767913,1.979312386516912,1.4327775627074535,1.4368284359882435,1.935119243733115
168,53.6,0.8367643134589617,0.6404294212971969,0.5538931233355409,1.9752578996546655,1.4371662060610615,1.4435191331810489,1.9271942252603032
169,53.8,0.8377187166204387,0.6395806788327791,0.5564702343614412,1.9711902528171683,1.4415445773187976,1.4502354272050952,1.9193226533972478
170,54.0,0.8386705679454239,0.6387366612593216,0.5590572637923086,1.9671094628245434,1.4459126476095392,1.456977569911383,1.9115039181036022
171,54.2,0.8396198645344132,0.6378973397249024,0.5616543091148555,1.9630155464547672,1.450270388144842,1.4637458153632472,1.9037374181523943
172,54.4,0.8405666034956842,0.6370626856633277,0.5642614686770547,1.9589085204421048,1.454617770219448,1.4705404198685839,1.8960225609664552
173,54.6,0.8415107819453062,0.6362326707905696,0.566878841700742,1.954788401475425,1.4589547652114374,1.4773616420126898,1.8883587624584504
174,54.8,0.8424523970071475,0.6354072671012609,0.5695065282944739,1.9506552061963198,1.4632813445825046,1.4842097426917764,1.8807454468742488
175,55.0,0.8433914458128856,0.6345864468652478,0.5721446294664198,1.946508951197626,1.46759747987834,1.4910849851465637,1.873182046639894
176,55.2,0.8443279255020151,0.6337701826241957,0.5747932471376094,1.9423496530214968,1.4719031427288254,1.4979876349968082,1.865668002211717
177,55.4,0.8452618332218561,0.6329584471882501,0.5774524841553113,1.9381773281576782,1.476198304848346,1.5049179602761682,1.858202761929713
178,55.6,0.8461931661275639,0.6321512136327493,0.5801224443065848,1.9339919930418297,1.480482938036091,1.5118762314675214,1.8507857818741256
179,55.8,0.8471219213821372,0.6313484552949901,0.5828032323321864,1.92979366405345,1.4847570141762632,1.518862721539207,1.843416525724911
180,56.0,0.8480480961564261,0.630550145771044,0.5854949539404865,1.9255823575142919,1.48902050523846,1.5258777059812942,1.8360944646244381
181,56.2,0.8489716876291414,0.629756258912623,0.5881977158218056,1.9213580896862967,1.4932733832778573,1.5329214628429464,1.8288190770428379
182,56.4,0.8498926929868639,0.6289667688239944,0.5909116256628234,1.9171208767698387,1.4975156204355429,1.5399942727699694,1.8215898486463915
183,56.6,0.8508111094240512,0.628181649858944,0.5936367921613095,1.912870734901738,1.5017471889387648,1.5470964190432057,1.81440627216856
184,56.8,0.8517269341430476,0.627400876617787,0.5963733250410816,1.9086076801532421,1.5059680611012163,1.5542281876175146,1.8072678472837216
185,57.0,0.8526401643540922,0.626624423944423,0.5991213350671181,1.90433172852823,1.5101782093233056,1.5613898671611581,1.8001740804836417
186,57.2,0.8535507972753273,0.6258522669234388,0.6018809340610606,1.9000428959609914,1.5143776060924032,1.568581749096204,1.7931244849563246
187,57.4,0.8544588301328074,0.625084380877255,0.6046522349168157,1.895741198314363,1.5185662239831654,1.5758041276391854,1.7861185804675468
188,57.6,0.8553642601605067,0.6243207413633155,0.6074353516165034,1.8914266513775988,1.5227440356577644,1.5830572998426633,1.7791558932447376
189,57.8,0.8562670846003282,0.6235613241713208,0.610230399246644,1.8870992708643024,1.526911013866183,1.5903415656374134,1.772235955863218
190,58.0,0.8571673007021122,0.6228061053205031,0.6130374940146222,1.8827590724102323,1.5310671314464213,1.597657227875332,1.765358307134822
191,58.2,0.8580649057236446,0.6220550610569426,0.6158567532653646,1.878406071571278,1.5352123613248536,1.6050045923729035,1.7585224919987688
192,58.4,0.8589598969306643,0.6213081678509254,0.6186882954983793,1.8740402838211774,1.5393466765163912,1.6123839679556025,1.7517280614147057
193,58.6,0.8598522715968734,0.6205654023943393,0.6215322403849964,1.8696617245493496,1.5434700501248821,1.619795666502828,1.7449745722579666
194,58.8,0.8607420270039435,0.619826741598111,0.6243887087859581,1.8652704090586512,1.54758245534322,1.6272400029937457,1.7382615872168914
195,59.0,0.8616291604415256,0.6190921625896796,0.6272578227692597,1.8608663525631124,1.5516838654537166,1.6347172955537839,1.731588674692214
196,59.2,0.8625136692072574,0.6183616427105096,0.6301397056283455,1.8564495701855228,1.5557742538282955,1.642227865502053,1.724955408698447
197,59.4,0.8633955506067716,0.6176351595136399,0.6330344819005128,1.852020076955277,1.5598535939288127,1.6497720373993103,1.718361368767263
198,59.6,0.8642748019537047,0.6169126907612696,0.6359422773857025,1.8475778878059115,1.5639218593073019,1.6573501390969294,1.7118061398527753
199,59.8,0.8651514205697044,0.6161942144223792,0.6388632191656753,1.8431230175725557,1.5679790236061395,1.6649625017868785,1.7052893122385753
200,60.0,0.8660254037844386,0.6154797086703874,0.6417974356233184,1.8386554809897313,1.5720250605584503,1.672609460052032,1.6988104814467895
201,60.2,0.8668967489356028,0.6147691518808414,0.6447450564624507,1.8341752926887542,1.5760599439882819,1.6802913519177902,1.6923692481487724
202,60.4,0.8677654533689284,0.6140625226291433,0.6477062127279662,1.8296824671951057,1.5800836478108122,1.688008518904572,1.6859652180775366
203,60.6,0.8686315144381912,0.6133597996883063,0.6506810368261876,1.8251770189260867,1.5840961460327025,1.6957613060808614,1.679598001941981
204,60.8,0.869494929505219,0.612660962026747,0.6536696625457186,1.820658962188094,1.5880974127523084,1.7035500621175497,1.6732672153426604
205,61.0,0.8703556959398997,0.6119659888061079,0.6566722250785944,1.816128311173999,1.592087422159899,1.7113751393430583,1.6669724786892521
206,61.2,0.8712138111201894,0.6112748593791113,0.6596888610418007,1.8115850799605075,1.5960661485379557,1.7192368937994187,1.660713417119561
207,61.4,0.8720692724321205,0.6105875532874461,0.66271970849919,1.8070292825054226,1.6000335662613965,1.7271356852993887,1.654489660420085
208,61.6,0.8729220772698097,0.609904050259682,0.6657649069837712,1.802460932644909,1.6039896497978114,1.735071877484544,1.648300842948083
209,61.8,0.8737722230354652,0.6092243302092178,0.6688245975203907,1.7978800440906983,1.607934373707754,1.7430458378843874,1.6421466035551204
210,62.0,0.8746197071393957,0.6085483732322541,0.6718989226488322,1.7932866304272421,1.611867712644956,1.7510579379765494,1.6360265855120446
211,62.2,0.8754645270000178,0.6078761596057998,0.6749880264473443,1.7886807051087807,1.615789641356549,1.7591085532481048,1.62994043643535
212,62.4,0.8763066800438636,0.6072076697857032,0.6780920545565021,1.7840622814565428,1.6197001346833717,1.7671980632577582,1.6238878082149926
213,62.6,0.8771461637055887,0.6065428844047137,0.6812111542036379,1.7794313726556292,1.6235991675601482,1.7753268516995153,1.6178683569434174
214,62.8,0.8779829754279805,0.60588178427057,0.6843454742275673,1.7747879917521243,1.6274867150157732,1.7834953064671217,1.6118817428460421
215,63.0,0.8788171126619653,0.6052243503641139,0.6874951651038654,1.7701321516499766,1.6313627521735554,1.7917038197199355,1.6059276302129095
216,63.2,0.8796485728666165,0.6045705638374331,0.6906603789706218,1.7654638651077839,1.635227254251397,1.7999527879500485,1.6000056873315907
217,63.4,0.880477353509162,0.6039204060120295,0.6938412696545004,1.760783144735859,1.6390801965621191,1.8082426120502015,1.5941155864214598
218,63.6,0.8813034520649922,0.6032738583770111,0.6970379926975,1.7560900029928153,1.6429215545136184,1.8165736973835274,1.5882570035689556
219,63.8,0.8821268660176677,0.6026309025873116,0.7002507053840518,1.751384452182387,1.6467513036091597,1.8249464538541678,1.5824296186641607
220,64.0,0.8829475928589269,0.6019915204619338,0.7034795667686542,1.7466665044501508,1.6505694194476097,1.8333612959792964,1.5766331153384807
221,64.2,0.8837656300886935,0.601355693982218,0.706724737704053,1.7419361717801292,1.6543758777236623,1.841818642962558,1.5708671809034158
222,64.4,0.8845809752150839,0.6007234052901327,0.7099863808699665,1.7371934659912878,1.658170654228018,1.8503189187689308,1.5651315062904188
223,64.6,0.8853936257544158,0.6000946366865909,0.7132646608022574,1.7324383987341603,1.6619537248476723,1.858862552200752,1.5594257859918828
224,64.8,0.8862035792312146,0.5994693706297891,0.7165597439226887,1.7276709814873599,1.6657250655662004,1.867449976975266,1.5537497180031237
225,65.0,0.8870108331782217,0.5988475897335678,0.7198717985693354,1.7228912255538265,1.6694846524638485,1.8760816318038804,1.5481030037653618
226,65.2,0.8878153851364013,0.5982292767657968,0.7232009950274572,1.7180991420572744,1.6732324617178647,1.8847579604726268,1.542485348109718
227,65.4,0.8886172326549487,0.5976144146467806,0.7265475055608953,1.7132947419386462,1.6769684696027787,1.8934794119239806,1.5368964592022987
228,65.6,0.8894163732912974,0.5970029864476858,0.729911504444369,1.7084780359520013,1.6806926524904688,1.902246440341036,1.5313360484899519
229,65.8,0.8902128046111265,0.5963949753889911,0.7332931679960843,1.7036490346608866,1.6844049868504583,1.9110595052324821,1.5258038306472188
230,66.0,0.8910065241883678,0.5957903648389578,0.7366926746110123,1.698807748434543,1.6881054492502414,1.9199190715193364,1.5202995235241485
231,66.2,0.891797529605214,0.5951891383121197,0.7401102047949991,1.6939541874437345,1.6917940163553857,1.928825609623837,1.5148228480948664
232,66.4,0.8925858184521255,0.594591279467795,0.7435459411993682,1.6890883616568295,1.695470664929776,1.9377795955596202,1.509373528407133
233,66.6,0.8933713883278375,0.5939967721086183,0.7470000686562372,1.6842102808357013,1.69913537183586,1.9467815110237625,1.5039512915327322
234,66.8,0.8941542368393681,0.5934056001790905,0.7504727742145195,1.6793199545315924,1.7027881140348984,1.9558318434906055,1.4985558675186836
235,67.0,0.894934361602025,0.5928177477641505,0.75396424717669,1.6744173920808207,1.7064288685871156,1.9649310863075709,1.493186989339233
236,67.2,0.8957117602394129,0.5922331990877636,0.7574746791362127,1.669502602600505,1.7100576126519695,1.9740797387927027,1.4878443928486758
237,67.4,0.8964864303834406,0.5916519385115312,0.7610042640157322,1.6645755949841756,1.7136743234883394,1.9832783063342005,1.4825278167349558
238,67.6,0.8972583696743284,0.5910739505333167,0.7645531981059586,1.6596363778974403,1.7172789784548381,1.9925273004917552,1.4772370024740427
239,67.8,0.8980275757606155,0.5904992197858911,0.7681216801055607,1.654684959773179,1.7208715550098208,2.0018272391005207,1.4719716942849168
240,68.0,0.898794046299167,0.5899277310355961,0.7717099111614908,1.6497213488072517,1.7244520307118314,2.011178646376201,1.4667316390855176
241,68.2,0.8995577789551804,0.5893594691810248,0.7753180949104642,1.6447455529535757,1.7280203832196908,2.020582053023156,1.461516586449167
242,68.4,0.9003187714021935,0.5887944192517195,0.7789464375210546,1.6397575799195019,1.7315765902927251,2.0300379963441033,1.456326288561848
243,68.6,0.9010770213220916,0.5882325664068871,0.7825951477367908,1.6347574371608342,1.7351206297909827,2.0395470203524364,1.4511605001800396
244,68.8,0.9018325264051137,0.5876738959341314,0.7862644369199693,1.629745131877057,1.738652479675494,2.0491096758864065,1.4460189785893425
245,69.0,0.9025852843498605,0.5871183932482014,0.7899545190965919,1.6247206710060667,1.7421721180083702,2.0587265207262337,1.4409014835635996
246,69.2,0.9033352928633008,0.5865660438897558,0.7936656110019165,1.6196840612193693,1.7456795229531894,2.0683981197128203,1.4358077773248263
247,69.4,0.9040825496607783,0.5860168335241455,0.7973979321273131,1.6146353089165522,1.7491746727749775,2.078125044869864,1.4307376245035626
248,69.6,0.9048270524660195,0.5854707479402086,0.8011517047677211,1.6095744202202482,1.7526575458406772,2.0879078755275358,1.425690792100026
249,69.8,0.9055687990111395,0.5849277730490845,0.8049271540704864,1.604501400970453,1.7561281206190378,2.097747198449758,1.4206670494456328
250,70.0,0.9063077870366499,0.5843878948830404,0.8087245080847242,1.5994162567194106,1.7595863756811962,2.1076436079628498,1.4156661681653908
251,70.2,0.9070440142914649,0.5838510995943151,0.8125439978122905,1.594318992725599,1.7630322897005486,2.1175977060883655,1.4106879221405038
252,70.4,0.9077774785329087,0.5833173734539764,0.816385857259321,1.5892096139483614,1.7664658414531171,2.127610102677412,1.4057320874718493
253,70.6,0.9085081775267217,0.5827867028507935,0.8202503234891466,1.58408812504197,1.7698870098177955,2.137681415548552,1.4007984424437852
254,70.8,0.9092361090470685,0.5822590742901245,0.8241376366763097,1.5789545303496517,1.7732957737764186,2.1478122706285814,1.395886767488534
255,71.0,0.9099612708765432,0.5817344743928168,0.8280480401616417,1.5738088338976435,1.776692112413993,2.1580033020960636,1.390996845151116
256,71.2,0.910683660806177,0.5812128898941229,0.831981780508454,1.5686510393891817,1.7800760049190554,2.168255152527775,1.3861284600548216
257,71.4,0.9114032766354453,0.5806943076426292,0.8359391075602906,1.563481150197929,1.7834474305836208,2.1785684730492156,1.381281398866952
258,71.6,0.912120116172273,0.5801787145991987,0.8399202744993932,1.5582991693620094,1.7868063688036036,2.188943923486973,1.3764554502653885
259,71.8,0.9128341772330428,0.5796660978359263,0.8439255379069972,1.5531050995771407,1.7901527990788324,2.199382172525865,1.3716504049052451
260,72.0,0.9135454576426009,0.5791564445351095,0.847955157824413,1.5478989431903503,1.793486701013432,2.209883897868127,1.3668660553863445
261,72.2,0.9142539552342637,0.5786497419882293,0.8520093978158559,1.5426807021930717,1.7968080543158698,2.2204497863971495,1.362102196220834
262,72.4,0.9149596678498247,0.5781459775949456,0.8560885250325134,1.5374503782142186,1.800116838799194,2.231080534344453,1.357358623801351
263,72.6,0.915662593339561,0.5776451388621057,0.8601928102779033,1.53220797251334,1.803413034381226,2.241776847460014,1.3526351363697058
264,72.8,0.9163627295622395,0.5771472134027633,0.8643225280748073,1.5269534859734715,1.8066966210848245,2.2525394411867063,1.347931533985834
265,73.0,0.917060074385124,0.5766521889352113,0.8684779567337472,1.5216869190937563,1.8099675790379548,2.263369040838758,1.343247618497183
266,73.2,0.9177546256839811,0.5761600532820272,0.8726593784228117,1.516408271982174,1.8132258884739985,2.2742663817837303,1.3385831935085566
267,73.4,0.9184463813430871,0.5756707943691286,0.8768670792392987,1.5111175443478004,1.8164715297318066,2.2852322096292244,1.3339380643522085
268,73.6,0.9191353392552344,0.5751844002248412,0.8811013492826767,1.5058147354932883,1.8197044832560432,2.296267280413031,1.3293120380584758
269,73.8,0.9198214973217376,0.5747008589789794,0.8853624827294229,1.500499844306918,1.8229247295972713,2.3073723607981678,1.3247049233266535
270,74.0,0.9205048534524404,0.574220158861937,0.8896507779095085,1.4951728692545838,1.8261322494121626,2.3185482282722107,1.3201165304962188
271,74.2,0.9211854055657211,0.5737422882037904,0.8939665373845812,1.489833808371618,1.8293270234637,2.329795671351046,1.3155466715184732
272,74.4,0.9218631515885005,0.5732672354334105,0.8983100680279722,1.4844826592544886,1.8325090326213584,2.341115489787382,1.3109951599284582
273,74.6,0.9225380894562463,0.5727949890775892,0.9026816811065903,1.4791194190522186,1.8356782578612547,2.3525084947841726,1.3064618108171944
274,74.8,0.9232102171129809,0.572325537760173,0.9070816923645761,1.4737440844578227,1.8388346802664464,2.363975509212634,1.3019464408042916
275,75.0,0.9238795325112867,0.5718588702012102,0.9115104221092141,1.4683566516992017,1.8419782810268635,2.3755173678361436,1.297448868010708
276,75.2,0.924546033612313,0.5713949752161062,0.91596819529828,1.462957116530494,1.8451090414398572,2.3871349175378755,1.292968912032109
277,75.4,0.9252097183857821,0.5709338417147908,0.9204553416301431,1.4575454742224572,1.8482269429100406,2.398829017555622,1.2885063939121262
278,75.6,0.9258705848099947,0.5704754587008952,0.9249721956354199,1.4521217195532938,1.8513319669496864,2.4106005397206527,1.2840611361162049
279,75.8,0.9265286308718373,0.5700198152709386,0.9295190967711655,1.446685846798871,1.8544240951787359,2.4224503687031933,1.2796329625055383
280,76.0,0.9271838545667873,0.5695669006135251,0.9340963895169497,1.4412378497231344,1.8575033093252171,2.43437940226281,1.2752216983114237
281,76.2,0.92783625389892,0.5691167040085502,0.9387044234736741,1.4357777215678342,1.860569591225168,2.446388551505939,1.270827170109656
282,76.4,0.9284858268809135,0.5686692148264183,0.9433435534643918,1.4303054550424157,1.8636229228229515,2.4584787411486406,1.266449205795358
283,76.6,0.9291325715340562,0.5682244225272663,0.9480141396377468,1.4248210423135266,1.8666632861713774,2.4706509097861713,1.262087634557933
284,76.8,0.9297764858882513,0.5677823166602007,0.9527165475737446,1.4193244749944514,1.8696906634319856,2.482906010168638,1.2577422868563533
285,77.0,0.9304175679820246,0.5673428868625405,0.957451148392381,1.4138157441340542,1.8727050368750602,2.4952450094841003,1.2534129943945007
286,77.2,0.9310558158625283,0.5669061228590723,0.9622183188646701,1.4082948402057067,1.8757063888799195,2.507668889647921,1.2490995900968664
287,77.4,0.9316912275855489,0.5664720144613111,0.9670184415264615,1.402761753095958,1.8786947019350824,2.520178647599392,1.2448019080844146
288,77.6,0.9323238012155122,0.5660405515667728,0.9718519047952084,1.397216472092798,1.8816699586383412,2.532775295606046,1.2405197836505606
289,77.8,0.9329535348254889,0.5656117241582546,0.9767191030894599,1.3916589858738158,1.8846321416970053,2.545459861575069,1.2362530532374367
290,78.0,0.9335804264972017,0.5651855223031221,0.9816204369512951,1.3860892824941593,1.8875812339281657,2.5582333893723828,1.232001554412335
291,78.2,0.9342044743210295,0.5647619361526087,0.9865563131720406,1.380507349374013,1.8905172182587253,2.571096939150276,1.2277651258442241
292,78.4,0.9348256763960144,0.5643409559411199,0.9915271449210644,1.3749131732858553,1.8934400777255502,2.584051587683063,1.223543607280467
293,78.6,0.9354440308298673,0.5639225719855478,0.996533351877715,1.3693067403415662,1.8963497954757347,2.597098428710933,1.2193368395237374
294,78.8,0.9360595357389733,0.5635067746845929,1.0015753603666062,1.3636880359792547,1.8992463547667788,2.61023857329252,1.215144664409095
295,79.0,0.9366721892483976,0.5630935545180953,1.0066536034965818,1.3580570449495293,1.902129738966693,2.6234731501670634,1.2109669247810795
296,79.2,0.9372819894918915,0.5626829020463714,1.0117685213030685,1.3524137513016727,1.9049999315541397,2.636803306125398,1.2068034644710233
297,79.4,0.9378889346118976,0.5622748079095615,1.0169205608940255,1.3467581383695546,1.9078569161187293,2.6502302063903205,1.2026541282745051
298,79.6,0.9384930227595559,0.5618692628269828,1.0221101766000291,1.3410901887568523,1.9107006763609349,2.663755035007727,1.1985187619287778
299,79.8,0.9390942520947091,0.5614662575964914,1.0273378301275775,1.3354098843226527,1.9135311960926493,2.6773789952461464,1.1943972120905784
300,80.0,0.9396926207859083,0.5610657830938502,1.0326039907173006,1.3297172061657871,1.9163484592369524,2.6911033100090584,1.1902893263136616
301,80.2,0.9402881270104189,0.5606678302721075,1.0379091353056178,1.3240121346095546,1.9191524498285013,2.7049292222561916,1.1861949530267062
302,80.4,0.9408807689542255,0.5602723901609787,1.0432537486910032,1.3182946491857064,1.9219431520135675,2.7188579954368355,1.1821139415111968
303,80.6,0.941470544812038,0.5598794538662393,1.0486383237044743,1.3125647286182733,1.9247205500503797,2.732890913934157,1.178046141879399
304,80.8,0.9420574527872967,0.5594890125691214,1.0540633613849533,1.3068223508066976,1.9274846283090274,2.747029283522211,1.1739914050523121
305,81.0,0.9426414910921783,0.5591010575257209,1.0595293711588156,1.3010674928090205,1.9302353712719178,2.7612744318338738,1.1699495827378703
306,81.2,0.9432226579476011,0.5587155800664089,1.0650368710249265,1.2953001308241303,1.9329727635336258,2.7756277088430683,1.1659205274089046
307,81.4,0.9438009515832294,0.5583325715952511,1.0705863877440678,1.2895202401740748,1.9356967898013193,2.7900904873584387,1.1619040922814272
308,81.6,0.944376370237481,0.5579520235894342,1.076178457033957,1.2837277952856303,1.938407434894742,2.8046641635315934,1.157900131292749
309,81.8,0.9449489121575307,0.5575739275986984,1.0818136237694491,1.2779227696715032,1.9411046837464534,2.819350157378858,1.153908499079671
310,82.0,0.9455185755993167,0.5571982752447773,1.0874924421881518,1.2721051359112077,1.943788521401997,2.8341499133171397,1.1499290509567468
311,82.2,0.9460853588275453,0.5568250582208434,1.093215476102091,1.2662748656311213,1.946458933019895,2.8490649007155486,1.1459616428943746
312,82.4,0.9466492601156964,0.5564542682909616,1.0989832991146138,1.26043192948462,1.9491159038721244,2.864096614460684,1.1420061314971601
313,82.6,0.9472102777460287,0.5560858972895468,1.1047964948441427,1.2545762971310643,1.9517594193439385,2.8792465755397596,1.1380623739819287
314,82.8,0.9477684100095857,0.5557199371208303,1.1106556571536417,1.2487079372147183,1.9543894649342064,2.8945163316386298,1.1341302281559504
315,83.0,0.9483236552061993,0.5553563797583309,1.1165613903867597,1.2428268173430104,1.9570060262555438,2.9099074577572055,1.1302095523950457
316,83.2,0.9488760116444965,0.5549952172443317,1.1225143096107288,1.2369329040641768,1.9596090890344524,2.925421556842482,1.1263002056216225
317,83.4,0.9494254776419039,0.5546364416893655,1.128515040866113,1.2310261628444492,1.9621986391114747,2.9410602604394165,1.1224020472826917
318,83.6,0.9499720515246525,0.554280045271703,1.1345642214240352,1.2251065580443654,1.9647746624411935,2.956825229361295,1.1185149373276895
319,83.8,0.9505157316277837,0.5539260202368494,1.1406625000500015,1.2191740528951698,1.9673371450928154,2.972718154377298,1.114638736186549
320,84.0,0.9510565162951535,0.5535743588970452,1.1468105372766007,1.2132286094736378,1.969886073249813,2.988740756923185,1.110773304747205
321,84.2,0.9515944038794382,0.5532250536307743,1.1530090056832087,1.2072701886769799,1.972421433210351,3.004894789830246,1.10691850433337
322,84.4,0.9521293927421387,0.5528780968822763,1.1592585901842205,1.2012987501968682,1.9749432113874432,3.02118203807647,1.1030741966820694
323,84.6,0.9526614812535863,0.5525334811610656,1.165559988325974,1.1953142524926368,1.9774513943089465,3.0376043195603692,1.0992402439209892
324,84.8,0.953190667792947,0.5521911990414559,1.1719139105921144,1.189316652764026,1.979945968617931,3.0541634858968,1.0954165085458218
325,85.0,0.9537169507482268,0.551851243162089,1.1783210807184687,1.1833059069229626,1.982426921072613,3.0708614232375675,1.0916028533973265
326,85.2,0.9542403285162768,0.5515136062254711,1.1847822360171112,1.177281969564727,1.9848942385466597,3.0877000531159795,1.087799141638307
327,85.4,0.9547607995027975,0.5511782809975128,1.1912981277102932,1.1712447939383401,1.987347908029272,3.104681333317116,1.0840052367304038
328,85.6,0.9552783621223436,0.5508452603070753,1.197869521274609,1.1651943319160132,1.9897879166253316,3.1218072587747723,1.0802210024106624
329,85.8,0.9557930147983301,0.5505145370455213,1.2044971967955753,1.1591305339619318,1.9922142515555303,3.1390798624955356,1.0764463026679165
330,86.0,0.9563047559630354,0.5501861041662719,1.2111819493331064,1.1530533491000885,1.994626900156553,3.156501216511265,1.0726810017189887
331,86.2,0.9568135840576074,0.5498599546843672,1.2179245892982842,1.1469627248812786,1.9970258498812732,3.1740734328610047,1.068924963984632
332,86.4,0.9573194975320672,0.5495360816760338,1.2247259428419484,1.1408586073491211,1.999411088298834,3.1917986646037004,1.065178054065196
333,86.6,0.9578224948453149,0.5492144782782561,1.2315868522555398,1.134740941005023,2.0017826030946573,3.20967910686285,1.0614401367160138
334,86.8,0.9583225744651332,0.5488951376883525,1.238508176383917,1.1286096687726177,2.004140382070976,3.22771699790236,1.0577110768227134
335,87.0,0.958819734868193,0.5485780531635571,1.2454907910522959,1.1224647319604915,2.0064844131465214,3.245914620239205,1.0539907393758805
336,87.2,0.9593139745400575,0.5482632180206062,1.2525355895057022,1.1163060702245302,2.008814684357093,3.2642743017887006,1.0502789894457876
337,87.4,0.9598052919751868,0.5479506256353286,1.2596434828633283,1.1101336215287063,2.011131183855425,3.2827984170486193,1.0465756921565026
338,87.6,0.960293685676943,0.5476402694422426,1.2668154005873933,1.1039473221047957,2.0134338999112167,3.301489388321097,1.04288071265971
339,87.8,0.9607791541575941,0.5473321429341551,1.274052290966388,1.0977471064114186,2.0157228209118094,3.3203496869720417,1.039193916108441
340,88.0,0.9612616959383189,0.5470262396617678,1.2813551216153907,1.0915329070911357,2.017997935361794,3.339381834735015,1.035515167629985
341,88.2,0.9617413095492113,0.5467225532332861,1.2887248799919357,1.0853046549267662,2.020259231883364,3.3585884050556567,1.0318443322986899
342,88.4,0.9622179935292854,0.5464210773140338,1.2961625739290532,1.0790622787963755,2.022506699216549,3.3779720244808606,1.028181275108287
343,88.6,0.9626917464264787,0.5461218056260713,1.3036692321864578,1.0728057056266493,2.0247403262190797,3.3975353740952423,1.024525860943655
344,88.8,0.9631625667976582,0.5458247319478184,1.3112459050194005,1.0665348603453118,2.0269601018669876,3.417281191003644,1.0208779545523339
345,89.0,0.963630453208623,0.5455298501136832,1.3188936647676082,1.0602496658316345,2.0291660152542637,3.4372122698659853,1.0172374205152865
